"Size","Time","TimeMin","TimeMax"
512,0.072773,0.071476,0.072957
1024,0.289759,0.287860,0.294446
2048,2.163317,2.145097,2.185641
4096,8.843120,8.804099,8.984568
8192,37.019812,36.923926,37.782221
16384,153.712954,152.012261,155.175556
