"Size","Time"
512,0.175573,0.163266,0.181515
1024,0.740822,0.739541,0.741453
2048,2.988547,2.953567,3.028634
4096,12.138155,12.028087,12.245368
8192,48.789387,47.725453,49.266425
16384,193.076932,192.361383,193.721920
